Code,Product,ICEV,PHEV,BEV,FCEV
198,Other services (93),0.00006702,0.00008286,0.00005652,0.0000915
